Unique Tags	Frequency
people	345
man	289
adult	280
illustration	222
portrait	198
woman	198
art	190
retro	182
no person	171
wear	168
one	160
horizontal	152
indoors	147
desktop	140
outdoors	140
music	133
business	118
old	108
vertical	108
fashion	92
dark	91
design	91
symbol	91
paper	80
text	76
vintage	76
abstract	74
nature	68
travel	68
bill	65
antique	62
recreation	61
sign	59
vector	58
pattern	57
musician	52
technology	51
dirty	50
painting	48
print	48
danger	46
child	43
decoration	42
fun	41
festival	40
lid	40
ancient	38
communication	38
serious	38
side view	38
group	37
facial expression	36
light	36
creativity	35
sit	34
military	33
performance	33
water	32
graffiti	31
graphic	31
monochrome	31
motion	31
science	31
sky	30
bright	29
competition	29
education	29
young	29
movie	28
street	28
summer	28
industry	27
two	27
shape	26
transportation system	26
actor	25
adolescent	25
color	25
girl	25
image	25
singer	25
texture	25
veil	25
city	24
cute	24
person	24
togetherness	24
celebration	23
glamour	23
picture frame	23
love	22
offense	22
party	22
silhouette	22
sitting	22
vehicle	22
war	22
artistic	21
fair weather	21
isolated	21
landscape	21
relaxation	21
action	20
architecture	20
model	20
sexy	20
winter	20
card	19
graphic design	19
hair	19
looking	19
signalise	19
concert	18
family	18
fine-looking	18
horizontal plane	18
mustache	18
post	18
pretty	18
shadow	18
wall	18
wood	18
enjoyment	17
face	17
flame	17
friendship	17
individuality	17
profile	17
reflection	17
religion	17
security	16
beautiful	15
Christmas	15
collection	15
Halloween	15
happiness	15
lithograph	15
pensive	15
tree	15
actress	14
contemplation	14
disjunct	14
elegant	14
identity	14
instrument	14
internet	14
letter	14
modern	14
cap	13
dress	13
eye	13
headshot	13
illuminated	13
leader	13
safety	13
smoke	13
sport	13
achievement	12
connection	12
facts	12
jewelry	12
luxury	12
underwater	12
uniform	12
wildlife	12
administration	11
conceptual	11
confidence	11
dancing	11
data	11
empty	11
entertainment	11
round	11
sea	11
sketch	11
animal	10
athlete	10
banner	10
blur	10
building	10
car	10
display	10
equipment	10
horror	10
pop music	10
road	10
rusty	10
wallpaper	10
writer	10
battle	9
canvas	9
computer	9
cowboy hat	9
fear	9
flag	9
furniture	9
group together	9
heat	9
leisure	9
many	9
ornate	9
room	9
skin	9
skittish	9
square	9
stage	9
stamp	9
strength	9
sun	9
three	9
weather	9
writing	9
chair	8
contemporary	8
exploration	8
flower	8
football	8
force	8
guitar	8
hand	8
head	8
headwear	8
leaf	8
long	8
medicine	8
popularity	8
rough	8
shining	8
snow	8
soccer	8
sunset	8
window	8
cheerful	7
cloud	7
dawn	7
energy	7
facial hair	7
fame	7
hairdo	7
human	7
margin	7
messy	7
nostalgia	7
postcard	7
school	7
seat	7
space	7
style	7
swimming	7
theater	7
time	7
weapon	7
attitude	6
beard	6
bizarre	6
blank	6
blood	6
chalk	6
chalk out	6
cowboy	6
culture	6
designing	6
document	6
drop	6
dusk	6
electricity	6
fall	6
famous	6
flora	6
futuristic	6
health	6
hot	6
insubstantial	6
label	6
moon	6
mystery	6
nightlife	6
outfit	6
patriotism	6
rap	6
red carpet	6
sadness	6
spherical	6
spirituality	6
splash	6
squad	6
teamwork	6
vicious	6
accomplishment	5
attractive	5
band	5
bird	5
cold	5
crown	5
door	5
drag race	5
election	5
fantasy	5
freedom	5
growth	5
guitarist	5
helmet	5
imagery	5
joy	5
lifestyle	5
mammal	5
map	5
mask	5
money	5
number	5
obsolete	5
police	5
power	5
promotion	5
shopping	5
skill	5
sound	5
spray	5
staring	5
steel	5
stock	5
stripe	5
sunglasses	5
tourism	5
traditional	5
tropical	5
typography	5
vectors	5
visuals	5
abandoned	4
aggression	4
baby	4
background	4
banking	4
blond	4
boy	4
casual	4
chalkboard	4
classic	4
closeup	4
commerce	4
costume	4
crowd	4
desire	4
element	4
engraving	4
environment	4
exhibition	4
fabric	4
finance	4
fish	4
fog	4
glass items	4
gold	4
grass	4
H2O	4
home	4
ink	4
iron	4
lake	4
lips	4
message	4
monster	4
nude	4
office	4
pain	4
pop	4
propaganda	4
reclining	4
research	4
romance	4
round out	4
scary	4
season	4
seduction	4
shirtless	4
sooty	4
stubble	4
talent	4
turquoise	4
unity	4
warning	4
wave	4
wealth	4
absence	3
aircraft	3
airplane	3
alphabet	3
astronaut	3
astronomy	3
authority	3
bar	3
bench	3
biology	3
broken	3
brush	3
cavalry	3
ceremony	3
composure	3
country	3
daylight	3
drink	3
eerie	3
electronics	3
erotic	3
event	3
eyesight	3
fashionable	3
floral	3
food	3
forthcoming	3
fright	3
fur	3
furious	3
glazed	3
handwriting	3
house	3
humor	3
hurry	3
ice	3
idyllic	3
illegal	3
illness	3
intelligence	3
invertebrate	3
jacket	3
line	3
metallic	3
mountain	3
multicultural	3
museum	3
nightclub	3
panoramic	3
plastic	3
politician	3
populace	3
postal	3
pride	3
punk	3
quiet	3
rain	3
river	3
rock	3
sand	3
scarf	3
service	3
set	3
shellfish	3
signature	3
silhouetted	3
skull	3
solitude	3
spar	3
still life	3
success	3
sweater	3
table	3
template	3
trendy	3
truck	3
urban	3
vacation	3
vandalism	3
wet	3
World Wide Web	3
access	2
acrylic	2
addiction	2
adventure	2
affection	2
analogue	2
anticipation	2
aquatic	2
army	2
arrival	2
ball	2
ball-shaped	2
baseball	2
beach	2
beak	2
bedrock	2
black and white	2
book	2
boutique	2
bowed stringed instrument	2
box	2
branch	2
bubble	2
burn	2
calamity	2
casino	2
championship	2
character	2
chip	2
church	2
cinematography	2
clock	2
coat of arms	2
concentration	2
correspondence	2
couple	2
cover	2
craft	2
cross section	2
currency	2
curve	2
cutout	2
cyborg	2
decease	2
diagram	2
direction	2
driver	2
eagle	2
elderly	2
emblem	2
engine	2
evening	2
expect	2
exposed	2
expression	2
farming	2
fast	2
feather	2
fedora	2
filmstrip	2
financial	2
fist	2
focus	2
footwear	2
four	2
frozen	2
funky	2
funny	2
game	2
geology	2
ghost	2
goatee	2
god	2
graph	2
grief	2
grow	2
guidance	2
gun	2
hanging	2
headscarf	2
healthcare	2
historic	2
hotel	2
Impressionism	2
information	2
insect	2
inspiration	2
International	2
invitation	2
island	2
isolate	2
jazz	2
knife	2
knob	2
laptop	2
law	2
leather	2
lingerie	2
lipstick	2
literature	2
little	2
logo	2
look	2
luck	2
machinery	2
market	2
Mary	2
medical	2
meteorology	2
microbiology	2
mirror	2
mural	2
national	2
negative	2
order	2
page	2
pants	2
piano	2
planet	2
poet	2
pollution	2
precious	2
protection	2
rancher	2
raptor	2
rebellion	2
redhead	2
remote	2
restaurant	2
revolution	2
robot	2
scared	2
screen	2
scribble	2
sculpture	2
seascape	2
seashore	2
seated	2
several	2
sphere	2
stadium	2
stain	2
strategy	2
studio	2
surface	2
tattoo	2
television	2
thinning	2
tie	2
tourist	2
tower	2
traffic	2
train	2
trip journey	2
umbrella	2
unshaven	2
voltage	2
watch	2
wild	2
zoology	2
abstraction	1
abundance	1
accident	1
accuracy	1
action energy	1
adverse	1
Afro	1
aid	1
air	1
air pollution	1
airbrush	1
airport	1
alone	1
analog	1
anatomy	1
armchair	1
ash	1
asphalt	1
audience	1
auditorium	1
aura	1
auto racing	1
avian	1
back	1
backlit	1
bag	1
bank	1
barbarous	1
barefoot	1
baseball cap	1
basket	1
bed	1
bedroom	1
bike	1
bikini	1
billboard	1
bird beak	1
blooming	1
blue sky	1
body	1
bone	1
boredom	1
bouquet	1
bowler	1
brawny	1
breed	1
brick	1
bride	1
bridge	1
brunette	1
Buddha	1
bullet	1
bumper	1
bungalow	1
burnt	1
button plant	1
candle	1
candy	1
canine	1
cardboard	1
cardiovascular	1
cartography	1
catch	1
cement	1
cemetary	1
cemetery	1
cephalopod ink	1
certificate	1
chain	1
chance	1
checkout	1
chord	1
chronometer	1
circuit	1
cityscape	1
classroom	1
cloudiness	1
coaching	1
coal	1
code	1
collage	1
column	1
commuter	1
component	1
computer graphic	1
concrete	1
condensation	1
configuration	1
connector	1
consciousness	1
control	1
cool	1
courage	1
coverage	1
cowman	1
cpu	1
creepy	1
crescent	1
crisis	1
crustacean	1
current	1
daily	1
dancer	1
daydreaming	1
desert	1
destruction	1
discovery	1
disease	1
displayed	1
diving	1
dog	1
dollar	1
doorway	1
downy	1
drama	1
dramatic	1
dreaming	1
drive	1
dust	1
ecology	1
editorial	1
elevated	1
endanger	1
endangered species	1
escalator	1
etching	1
exotic	1
expectancy	1
explosion	1
eyeglasses	1
eyewear	1
face disguise	1
falcon	1
falconry	1
feathery	1
fence	1
figure	1
figurine	1
film festival	1
finger	1
flight	1
fluorescent	1
foam	1
foot	1
form	1
fresco	1
friendly	1
frost	1
frosty	1
fruit	1
galaxy	1
gambling	1
game half	1
gameplan sports	1
garbage	1
garden	1
gear	1
gift	1
glance	1
goggles	1
golden retriever	1
golf	1
grave	1
half	1
handwritten	1
harmony	1
haunt	1
haze	1
headlight	1
heart	1
Heaven	1
heavy	1
highway	1
hill	1
hood	1
hostility	1
hound	1
iceberg	1
imperial	1
infinity	1
influencer	1
innocence	1
insurance	1
interaction	1
jackpot	1
jewelry band	1
journalist	1
karate	1
keyboard	1
kneeling	1
knowledge	1
large	1
laughing	1
lava	1
layout	1
league	1
liquid	1
liquidity	1
lollipop	1
loneliness	1
loyalty	1
lucky	1
luggage	1
luminescence	1
Madonna	1
magnification	1
magnificence	1
mannequin	1
manuscript	1
masculinity	1
maternity	1
measure	1
memory	1
menu	1
Messiah	1
microphone	1
microscope	1
midnight	1
midsection	1
missile	1
mist	1
moody	1
motherboard	1
motivation	1
motley	1
mottled	1
mouth	1
nationwide	1
natural gas	1
necklace	1
network	1
newspaper	1
nightmare	1
nutrition	1
obedience	1
ocean	1
offspring	1
option	1
ornithology	1
outlet	1
pantie	1
parade	1
parchment	1
park	1
participate	1
partnership	1
pedigree	1
perfection	1
perspective	1
pet	1
petal	1
phonograph record	1
photograph	1
pianist	1
poker	1
pole	1
postmark	1
precision	1
presentation	1
prey	1
production	1
public show	1
puffy	1
puppy	1
purchase	1
purebred	1
purity	1
pyramid	1
race	1
race competition	1
rainbow	1
rally	1
recycling	1
Renaissance	1
retriever	1
revival	1
ripple	1
risk	1
romantic	1
roulette	1
rural	1
rustic	1
saint	1
Satan	1
satin	1
savings	1
school of fish	1
scientist	1
seed	1
sell	1
send message	1
sepia	1
shark	1
shield	1
shirt	1
shop	1
shopping cart	1
show	1
shuttle	1
silk	1
simplicity	1
skyline	1
slavery	1
sledge	1
slide	1
slot	1
smile	1
smog	1
smooth	1
snorkeling	1
snowflake	1
snowman	1
socket	1
soldier	1
solo	1
solution	1
son	1
song	1
spacecraft	1
spaceship	1
speed	1
spiral	1
sports equipment	1
sports fan	1
stationary	1
statue	1
steam	1
step	1
stone	1
stopper	1
storage	1
storm	1
strong	1
submarine	1
subway system	1
sugar	1
sunbeam	1
supermarket	1
support	1
surf	1
switch	1
synthesizer	1
tallest	1
tape	1
target	1
teeth	1
telephone	1
temperature	1
temptation	1
textile	1
theatre	1
thief	1
thin	1
thorax	1
thunderstorm	1
timepiece	1
tombstone	1
topless	1
town	1
track	1
treatment	1
trunk	1
twist	1
united	1
universe	1
university	1
untidy	1
vampire	1
variation	1
velvet	1
vest	1
victorian	1
vinyl	1
violin	1
vision	1
vitality	1
voice	1
vortex	1
waiter	1
warship	1
wasteland	1
watercolor	1
watercolor painting	1
watercraft	1
weight	1
wheel	1
wire	1
woodcut	1
worried	1
youth	1
zombie	1