Unique Tags,Frequency
Afro,6
Antarctic,3
Aztec,1
Broadway,2
Buddha,9
Celsius,1
Christmas,238
Cologne,1
Continent,6
Crater,1
Earth surface,4
Easter,1
Gerbera,1
Gospel,2
Gothic,7
H2O,51
Halloween,251
Heaven,13
Hyla,1
Impressionism,10
International,14
Madonna,4
Mafia,2
Mars,1
Mary,9
Messiah,9
New Year,1
Ottoman,1
Renaissance,22
Resurrection,1
Salientia,1
Satan,5
Thanksgiving,1
Venetian,2
World Wide Web,51
XXXXXXXX,2
Zen,8
abandoned,39
abdomen,1
absence,9
abstract,888
abstraction,1
abundance,8
academic degree,1
access,9
accessory,2
accident,4
accomplishment,56
accordion,1
accuracy,3
accurate,1
ace,1
achievement,137
acoustic,6
acoustic guitar,3
acrylic,17
action,131
action energy,24
action place,1
active,20
actor,313
actress,206
addiction,10
address,1
adhesive,1
administration,182
admittance,1
adolescence,1
adolescent,241
adorable,4
adult,3474
adventure,34
adverse,4
advertising,1
advice,2
aerial,1
aerodynamic,1
affection,19
affectionate,1
agenda,1
aggression,25
aggressive disposition,2
agility,2
agriculture,7
aid,9
ailment,3
aim,1
air,7
air broadcast,2
air force,3
air pollution,2
airbrush,8
aircraft,29
airliner,2
airplane,39
airport,17
alarm clock,1
album,5
alcohol,10
alert,3
algebra,2
allurement,2
almanac,1
aloft,1
alone,5
alphabet,51
aluminum,5
amazing,1
ammunition,1
amphibian,1
amplifier,3
amusing,2
analog,1
analogue,5
anatomy,37
ancient,459
android,1
angry,2
animal,159
anniversary,10
announcement,1
annual,3
anonymous,2
anticipation,5
antique,738
anxiety,1
apartment,3
apple,2
appliance,1
application,2
appoint,7
apron,2
aquarium,6
aquatic,15
arachnid,6
arch,3
archery,1
architect,4
architecture,265
arid,3
armchair,9
armor,6
army,39
aromatherapy,1
arrangement,1
arrival,31
arrow,12
art,2563
artery,8
article,1
artificial,3
artisan,1
artistic,311
arts and crafts,1
ash,3
asphalt,7
assortment,1
astrology,9
astronaut,22
astronomy,50
athlete,136
atlas,1
atmosphere,3
atom,1
attention,6
attitude,44
attractive,33
audience,32
audio,19
auditorium,3
aura,13
authority,11
auto racing,17
automotive,1
avian,1
aviate,7
award,32
awe,3
baby,36
back,6
background,66
backlit,16
backstage,1
backup,3
bacteria,5
bag,2
bakery,2
baking,1
balance,23
bald,14
ball,34
ball-shaped,66
ballerina,2
ballet,3
ballet dancer,2
balloon,6
band,79
bandaged,1
bank,3
bank vault,1
banking,29
banknote,1
banner,215
baptismal font,14
bar,52
barbaric,4
barbarous,1
barefoot,5
bargain,8
bark,1
barn,4
barnyard,1
baroque,1
barrel,3
bartender,3
baseball,8
baseball cap,6
basket,7
basketball,2
bass,3
batch,3
bathrobe,1
bathroom,3
battle,97
bazaar,1
beach,30
beads,2
beagle,1
beak,4
beanie,1
beard,87
beat,2
beautiful,171
bed,20
bedrock,5
bedroom,10
beef,1
beef cattle,1
beer,6
belief,2
bench,6
berry,1
biceps,1
bike,9
biker,4
bikini,5
bill,1107
billboard,11
bind,1
biology,66
bird,62
birth,3
birthday,10
birthday cake,1
bit,7
bite,1
bizarre,108
black and white,37
blackjack,1
blacksmith,3
blank,91
blank space,1
blanket,2
blaze,3
blond,23
blood,90
bloody,3
blooming,3
blue sky,5
blueprint,4
blur,163
board,2
boat,2
bobbin,3
bodily impact,3
body,40
bodybuilding,2
bomber,1
bonding,12
bone,21
bonfire,3
book,22
book bindings,22
book series,32
bookcase,2
booklet,5
bookstore,1
booth,7
boredom,4
bottle,7
bouquet,4
boutique,3
bow,1
bow tie,1
bowed stringed instrument,10
bowler,11
box,25
boxer,5
boy,41
bracelet,3
branch,18
brass,2
brass memorial,2
brawny,9
breakfast,1
breast,2
breed,5
brewery,1
brick,2
bride,6
bridge,8
briefcase,6
bright,415
broad,1
broken,30
bronze,3
bronzing,1
brunette,19
brush,18
bubble,11
builder,2
building,78
bulb,1
bull,2
bullet,1
bullfighter,1
bullring,1
bullseye,1
bumper,3
bundle,2
burlap,1
burn,23
burnt,41
bus,11
business,1622
butcher,2
butterfly,4
buttocks,2
button plant,6
caffeine,1
cage,3
cake,3
calamity,31
calculus,1
calendar,6
calligraphy,9
camel,2
camouflage,5
camper,5
campfire,2
canal,3
candidate,3
candle,28
candlelight,5
candy,7
canine,19
canister,1
cannabis,1
cannon,1
canvas,74
cap,143
cape,4
cappuccino,1
capsule,1
car,107
card,367
cardboard,32
cardiovascular,7
care,9
career,2
carefree,7
caricature,10
carnival,2
carnivore,2
carp,1
carpentry,1
cart,1
cartography,5
carton,1
carve,1
cash,2
casino,8
casual,43
cat,11
catch,2
cattle,3
caution,9
cavalry,35
cave,4
caveat,6
celebration,568
cellular telephone,3
cement,3
cemetary,2
cemetery,13
cephalopod ink,41
ceremony,97
certificate,9
chain,5
chair,76
chakra,1
chalk,49
chalk out,113
chalkboard,53
challenge,28
chamomile,1
champion,10
championship,28
chance,9
chaos,13
character,32
charity,1
charming,2
checkout,1
cheerful,97
cheetah,1
chef,10
chemical,2
chemistry,1
cherry,1
chess,1
chicken,1
child,678
chili,1
chip,3
chocolate,8
chord,7
christmas tree,2
chrome,20
chronometer,2
church,17
cinema,6
cinematography,5
cinnamon,1
circuit,1
circular,3
circus,6
citizen,1
citizenship,2
city,366
cityscape,14
clamp,1
clapper,4
class,10
classic,56
classical music,5
classroom,22
clean,17
clear,4
clearance,6
clergy,2
climb,2
clip,5
cloak,1
clock,16
close,1
closeup,46
cloud,85
cloudiness,5
cloudscape,3
clown,2
club,14
cluster,1
coaching,2
coal,4
coat,39
coat of arms,48
cobweb,1
cockamamie,6
cockpit,1
coconut,1
code,2
coffee,8
coil,2
cold,62
collage,39
colleague,1
collection,257
college,4
color,352
coloring,5
column,2
combat,4
comedy,3
comfort,3
comic,1
commando,2
commemorative,1
commerce,61
communication,523
commuter,10
compact,3
company,7
comparison,1
compass,4
competition,375
component,3
composition,4
composure,16
computer,104
computer graphic,18
concentration,41
conceptual,180
concert,216
concrete,3
concrete decision,1
condensation,1
condenser,1
confection,2
confetti,2
confidence,114
configuration,5
conformity,2
confusion,2
connection,113
connector,2
consciousness,1
construction,9
construction worker,2
container,19
contemplation,157
contemporary,85
content,14
continent,1
contour,2
contrast,5
control,9
convention,2
convertible,6
conveyance,3
cooking,11
cool,22
cooperation,13
copy,2
coral,1
cornea,3
corner,4
corporate,2
correspondence,32
corrosion,1
corrugated,3
costume,90
cotton,13
countdown,1
country,42
countryside,18
couple,57
courage,9
cover,8
coverage,20
cow,2
cowboy,55
cowboy hat,72
cowgirl,2
cowman,5
cozy,2
cpu,4
craft,63
crane,1
crash,1
crate,1
crazy,5
cream,4
creamy,1
creativity,520
creepy,4
crescent,1
cricket,1
crinkled,2
crisis,7
cropland,1
cross,22
cross section,6
crowd,95
crown,48
crustacean,2
crystal,12
cube,6
cubism,1
cue,1
culture,173
cup,6
cupid,4
cure,2
curiosity,12
curly,5
currency,24
current,2
cursor,1
curtain,7
curve,35
cushion,1
cute,263
cutlery,2
cutout,3
cyborg,13
cyclist,2
cymbal,2
daily occurence,1
dancer,24
dancing,178
danger,536
dangerous,1
dark,959
dart,1
dartboard,1
dashboard,1
data,116
date,3
dawn,125
daydreaming,15
daylight,18
deadline,1
decay,1
decease,4
decomposition,1
decoration,628
deejay,2
deep,10
deer,2
definition,5
delicate,6
delicious,13
delivery,8
democracy,26
demon,2
demonstration,2
denim,1
departure,2
desert,12
design,1379
designing,50
desire,33
desk,3
desktop,1792
despair,8
destination,1
destruction,6
determination,14
device,4
devoid,1
dew,3
diagnosis,7
diagonal,4
diagram,14
dial,2
dial in,2
diary,1
diet,1
dig,6
diner,1
dining,1
dinner,3
dinner jacket,5
direct,1
direction,14
dirty,629
disco,10
discount,6
discovery,8
discussion,2
disease,11
disguise,2
disjunct,201
display,87
displayed,6
disposal,2
diver,1
diving,3
docklands,2
doctor,8
document,86
dog,29
doll,1
dollar,9
domestic,6
donation,1
door,40
doorway,7
dot,6
down to a science,7
downpour,4
downtown,9
downy,7
drag race,36
dragon,4
drama,4
dramatic,6
dramatic scene,1
dreadlock,4
dream,1
dreaming,3
dress,175
dressing room,4
dressmaker,2
drink,32
drip,5
drive,14
driver,15
drop,46
droplet,1
drought,2
drug,2
drum,8
drummer,6
drumstick,2
drunk,1
dry,2
duck,1
dusk,114
dust,3
dye,5
dynamic,3
eagle,11
easy chair,2
ebony,4
echo,1
eclipse,1
ecology,13
economy,4
editorial,42
education,351
eerie,77
effect,1
effort,17
egg,2
elder,1
elderly,35
election,53
electricity,26
electronics,26
elegant,147
element,94
emblem,31
embrace,4
embroidery,1
emergency,7
employee,8
empty,164
endanger,19
endangered species,4
endless,2
energetic,5
energy,53
engine,25
engraving,59
enjoyment,179
entertainment,56
entrance,3
entry,1
envelope,8
environment,66
environmental,1
epicure,2
equestrian,4
equipment,135
erotic,11
espresso,1
essential,1
estate,1
etching,2
eve,2
evening,51
event,64
evolution,3
excellence,1
exercise,20
exhibition,55
exhilaration,22
exotic,18
expect,8
expectancy,1
expertise,8
exploration,108
explosion,10
exposed,6
expression,29
expressway,1
exterior,1
extraterrestrial being,6
eye,140
eyeball,9
eyebrow,6
eyeglasses,8
eyelash,6
eyelid,1
eyeshadow,2
eyesight,15
eyewear,14
fabric,57
facade,3
face,240
face disguise,5
facial expression,375
facial hair,88
facts,157
failure,2
fair weather,204
fairy,1
falcon,1
falconry,1
fall,95
fame,44
family,204
famous,58
fantasy,94
far-out,5
farm,6
farmhouse,2
farming,6
farmland,2
farmstead,2
fashion,1049
fashionable,55
fast,26
fastener,1
fatigue,6
fear,115
feather,16
feathery,1
fedora,24
felt up,1
fence,9
ferris wheel,1
festival,456
fever,1
fiber,5
fiction,2
field,9
fighter,2
figure,35
figurine,10
filigree,1
film director,3
film festival,26
filmstrip,5
filth,3
finance,52
financial,8
financial security,6
fine-looking,113
finger,3
fireplace,5
firewood,4
fireworks,1
first aid,1
fish,48
fist,4
fitness,12
five,14
flag,124
flame,237
flammable,7
flare,2
flashlight,1
flat,12
fleck,1
flight,14
flirt,1
floating,4
floor,1
flora,85
floral,27
flower,84
flower head,2
fluorescent,1
flush,1
fly,7
flying,5
foam,4
focus,30
fog,48
food,95
foot,2
football,64
football player,1
footwear,6
forbidden,12
force,49
forgiveness,1
forklift,4
form,5
formalwear,6
formula,2
forthcoming,7
four,33
fractal,2
fragility,8
frame,22
freckle,2
freedom,111
freehand,6
fresco,4
freshness,10
friendly,1
friendship,162
fright,6
frog,1
frost,25
frosty,13
frosty weather,1
frozen,18
fruit,8
fuel,3
full,4
full moon,6
fun,637
funky,57
funny,45
fur,23
fur coat,4
furious,13
furnace,1
furniture,90
fuselage,1
future,1
futuristic,82
galaxy,9
gambler,1
gambling,15
game,29
game half,1
gameplan,3
gameplan (sports),7
gang,6
garbage,10
garden,11
garment,3
gas station,1
gasoline,4
gate,4
gear,5
gecko,1
geisha,5
gelatin,1
gem,8
geography,8
geological formation,1
geology,8
geometric,25
ghetto,2
ghost,16
gift,22
giraffe,2
girl,310
glacier,3
glamour,284
glance,2
glare,3
glass,16
glass items,23
glazed,50
glisten,3
gloves,17
goal,12
goatee,24
god,46
goggles,1
gold,86
golden retriever,1
goldfish,4
golf,3
golfer,2
gondola,2
gondolier,2
goose,1
gorgeous,1
gouache,2
government,5
gown,4
gown (clothing),10
gradient,1
graffiti,350
gramophone,1
graph,21
graph plot,1
graphic,424
graphic design,229
grass,88
grassland,1
grave,14
grease,3
greeting,36
greeting card,1
grey,1
grid,5
grief,14
grinder,16
groom,2
groovy,1
ground,4
group,535
group together,122
grow,6
growth,71
grungy,1
guard,1
guidance,35
guide,3
guilty,1
guitar,105
guitarist,71
gun,34
guy,8
habit,1
hair,221
hairdo,52
hairy,1
half,1
halftone,2
hallway,1
hand,51
handicraft,3
handle,2
handmade,12
handrail,5
handshake,2
handwriting,41
handwritten,8
hanging,33
happiness,200
harbor,4
hardhat,2
hardwood,2
harmony,9
harp,1
hash,1
haunt,11
hayfield,2
haze,3
head,120
headlight,14
headline,1
headscarf,15
headshot,204
headwear,82
health,100
healthcare,38
healthy,7
heart,22
heat,93
heavy,12
helm,2
helmet,65
heraldry,14
heroine,2
hexagon,2
hibiscus,1
high,16
highway,9
hijab,1
hike,1
hill,3
hip,2
historic,45
hit,1
hit target,1
hole,1
holy,5
home,16
homemade,1
honey,1
hood,7
hop,10
horizon,4
horizontal,1818
horizontal plane,307
horn,2
horror,256
horse,1
hose,2
hospital,5
hot,51
hot chocolate,2
hot-air balloon,1
hotel,7
hound,2
house,51
human,83
humor,62
hung,1
hungry,1
hurry,25
husk,1
hut,1
hygiene,2
hygienics,1
ice,32
ice skate,2
iceberg,1
icee,10
icy,1
identity,148
idyllic,6
ignite,2
illegal,22
illness,29
illuminated,250
illusion,2
illustration,3190
image,464
imagery,26
immense,1
impact,3
imperial,14
impression,2
improvement,2
incident,2
individuality,146
indoors,1817
indulgence,2
industry,286
infection,3
inferno,10
infinity,2
influencer,13
information,42
ingredients,2
injury,1
ink,36
innocence,19
insect,21
inside,8
inspiration,23
inspirational,2
instrument,140
insubstantial,87
insurance,2
intelligence,49
intensity,4
intensiveness,2
interaction,7
interface,2
interior,3
interior design,21
internet,181
intimacy,1
intricacy,7
invention,9
invertebrate,26
investment,7
invitation,17
iridescent,1
iron,29
island,3
isolate,13
isolated,239
itinerary,2
ivory,3
jacket,70
jail,3
jar,2
jazz,16
jellyfish,1
jet,4
jewelry,91
jewelry band,1
joint,1
joker,1
journalism,1
journalist,4
journey,2
joy,82
juice,1
juicy,2
jumble,2
jump,6
jumping,1
jungle,1
junk,5
justice,2
karaoke,2
karate,1
kerchief,2
keyboard,7
kimono,3
kind,8
kink,2
kit,1
kitchenware,1
kitten,1
kneeling,7
knife,5
knight,10
knitwear,4
knob,5
knot,1
know-how,1
knowledge,7
label,136
laboratory,3
ladder,2
lady,5
lake,23
lamp,3
landscape,225
lane,1
lantern,9
laptop,4
large,6
larva,1
late,1
laughing,27
laundry,3
lava,3
law,37
lawn,3
layout,11
leader,128
leadership,11
leaf,136
league,3
leather,13
leisure,102
lemon,1
length,3
lens,2
leopard,1
leopard pelt,1
lesson,2
letter,234
letterpress,1
library,2
lid,511
lifestyle,35
light,443
lightning,5
lily,1
limestone,1
limousine,1
line,28
linen,3
lingerie,16
lips,41
lipstick,5
liquid,9
liquidity,6
literature,12
lithograph,155
little,38
livestock,4
lizard,2
lock,4
locomotive,13
log,1
logo,16
lollipop,1
loneliness,13
long,57
longhair,1
look,51
looking,232
loss,4
lost,1
lotus,2
loud,3
love,356
loyalty,4
luck,19
lucky,1
luggage,18
luminescence,8
lunch,1
luxury,131
machine,17
machinery,13
machinist,3
magazine,6
magic,11
magician,1
magnification,5
majestic,7
make noise,8
mammal,66
man,3344
management,1
maneuver,1
mannequin,8
manuscript,23
many,122
map,42
maple,2
marble,2
margin,91
marijuana,3
marine,5
market,60
marquee,1
marriage,2
mascot,1
masculine,1
masculinity,12
mask,65
masquerade,12
massage,1
maternity,4
mathematics,5
meal,2
measure,3
meat,3
medal,2
media,2
medical,19
medicine,73
meditation,7
meeting,7
melt,2
melting,4
memory,1
menswear,1
mental image,9
menu,4
merchandise,10
mercury,1
merry,1
mess,2
message,78
messy,101
metal key,1
metallic,24
metalwork,1
metaphor,2
meteorology,8
micro,1
microbe,2
microbiology,11
microphone,20
microscope,2
midair,2
midnight,3
midsection,6
military,357
military uniform,22
military vehicle,1
milk,3
milk chocolate,1
mime,2
mind,2
miniature,1
minimalist,1
miniskirt,1
minister,2
minute,3
mirror,6
missile,1
mist,10
model,217
modern,155
modify,4
monarch,5
monetary,3
money,75
monitor,3
monkey,1
monochromatic,10
monochrome,424
monster,31
montage,2
monthly,1
monument,2
moody,3
moon,128
mosaic,8
mosquito,1
motherboard,2
motion,317
motivation,20
motley,31
motorcyclist,10
mottled,3
mountain,32
mountain peak,2
mouth,2
movie,298
mud,1
multicultural,8
multimedia,1
mural,42
muscle,1
museum,32
music,1565
music (auditory),4
musical composition,1
musician,670
mustache,171
mystery,135
myth,1
mythology,4
naked,1
name,3
narrative,2
narrow,2
natal,2
national,10
nationwide,3
natural gas,6
nature,930
nautical,4
navigation,10
navy,4
necklace,28
needle,2
needlework,2
negative,8
neon,21
net,3
network,12
neurology,4
newborn,1
newspaper,22
nightclub,71
nightlife,98
nightmare,6
no person,2198
nobility,3
noisy,2
nose,2
nostalgia,71
note,20
notebook,1
notice,2
nude,69
number,98
nurse,1
nutrition,4
nylon,1
nymph,1
obedience,3
obsolete,25
ocean,22
offense,282
office,34
official,2
offspring,3
oil,1
old,1432
one,1742
online,6
opera,4
opportunity,9
optimism,1
option,11
orbit,1
orchestra,1
order,13
organization,1
origami,4
ornate,177
ornithology,1
outdated,2
outdoors,1616
outerwear,30
outfit,83
outlet,2
outline,35
outlined,2
outside,4
overcoat,3
owl,2
pack,1
pack of cards,1
packaging,3
packet,1
pad,1
padlock,1
page,68
pain,28
painter,5
painting,761
pajamas,1
pale,3
paleontology,2
palette,2
palm,5
panoramic,9
pantie,1
pants,32
paper,1030
parade,10
paradise,1
parchment,36
park,35
parliament,1
parquet,2
participate,5
partnership,15
party,288
passage,3
passageway,3
passport,6
pastel,4
pastime,15
pastoral,1
pastry,2
pasture,6
patisserie,2
patriotism,69
pattern,661
pavement,15
peacock,1
peafowl,1
pedigree,4
peep,1
pencil,9
penguins,3
pensive,67
peony,3
people,4408
pepper,1
percussion,1
percussion instrument,2
perfection,3
performance,543
perfume,1
perfumery,1
person,288
perspective,5
pest,1
pet,10
petal,14
petition,1
petroleum,2
pharmacist,1
phase,1
philatelic,2
philately,13
philosopher,1
phonograph record,16
photograph,4
photovoltaic,2
physcially force,1
physics,4
physiology,5
pianist,11
piano,21
picture frame,298
pie,2
piece,1
pier,5
pig,1
pigeon,2
piglet,2
pill,3
pillow,2
pin,2
pine,1
pineapple,1
pinup,1
pinwheel,4
pistol,3
pivot,2
placid,3
plain,2
planet,45
planner,1
planning,3
plasma,2
plastic,32
play,9
player,5
playground,1
poet,25
poetry,3
pointer,1
poker,5
polar,3
pole,4
police,46
politician,26
pollen,3
pollution,12
pool,5
pop,25
pop music,82
popcorn,1
populace,44
popularity,68
pork,1
portable,3
portrait,2474
position,6
post,215
postal,37
postcard,63
postmark,19
poultry,5
powder,1
power,37
prayer,4
precious,11
precision,5
predator,2
prehistoric,2
premium,2
preparation,6
prescription,1
presentation,29
press,2
pretty,222
prey,1
price,9
pride,16
pridefulness,5
priest,2
primitive,2
prince,1
princess,1
print,676
prism,1
problem,1
production,9
professional,3
professor,1
profile,134
progress,12
projector,1
promoting,3
promotion,71
propaganda,27
propeller,1
proportion,5
protection,36
pub,3
public,1
public notice,4
public show,21
public transport,4
puffy,2
pulse,2
pumpkin,3
punch,1
punishment,4
punk,19
puppy,6
purchase,3
pure,1
purebred,5
purity,11
put on the line,1
puzzle,2
pyramid,1
quality,2
quality (attribute),1
quarter,2
queen,5
quiet,13
race,21
race (competition),8
racket,1
radial,1
radiation,1
radiography,7
radiology,2
railroad track,11
railway,14
rain,36
rainbow,8
raindrop,1
rally,26
rancher,4
random sample,1
rap,66
raptor,4
ready,1
real,2
realm (monarchy),1
rebellion,17
recession,2
reclining,13
recreation,704
recycling,18
red carpet,69
redhead,30
reef,3
reflection,125
refreshment,9
reindeer,3
relaxation,248
religion,383
religious belief,2
reminder,1
remote,6
repeat,3
repetition,9
reptile,8
rescue,3
research,36
responsibility,2
restaurant,33
retail,2
retail sales,6
retina,3
retriever,1
retro,2333
revival,2
revolution,28
revolutionary,3
rhythm,8
ride,2
rider,1
rifle,5
ripple,1
risk,11
ritual,1
river,28
road,151
roasting,2
robe,2
robot,19
rock,40
rocker,2
roll,2
rom,3
romance,98
romantic,12
roof,4
room,107
root,3
rope,5
rose,4
rough,79
round,154
round out,55
row,2
row of words,1
rowan,2
rowanberry,2
royalty,23
rudiment,11
rug,5
rugby,2
rural,20
rush,1
rust,11
rustic,14
rusty,65
sacred,7
sacrifice,1
saddle,1
sadness,83
safari,1
safety,122
sail,1
sailboat,1
saint,21
salami,1
sale,21
salvation,1
sand,29
sandstone,1
satellite,2
satin,2
sausage,1
savings,4
scaffolding,1
scan,4
scanning,3
scared,27
scarf,20
scary,30
scene,1
scenic,10
schedule,5
school,92
school of fish,3
science,303
scientist,16
scissors,1
scrapbook,1
scraping,3
screen,20
scribble,35
script,1
scrutiny,3
sculpture,48
sea,92
seafood,3
seagulls,2
seal,7
seamless,11
seascape,5
seashore,16
season,63
seat,44
seated,18
secrecy,21
security,96
seduction,19
seed,1
self,1
sell,14
semaphore,1
semiconductor,1
send message,16
sentence,1
separation,2
sepia,15
series,2
serious,352
serum,2
service,46
set,37
set up,3
several,23
sew,2
sewing,3
sexy,248
shade,3
shadow,197
shape,292
shark,2
sharp,2
shawl,1
shed,2
sheep,1
sheet,2
sheet (pane),2
shelf,5
shell,1
shellfish,4
shield,46
shining,138
ship,11
shipment,5
shirt,4
shirtless,37
shoe,5
shooting,1
shop,41
shopping,56
shopping cart,1
shore,3
shot,8
shotgun,1
shouting,1
show,7
shower,3
shuttle,2
shy,1
sibling,1
side view,427
sight,4
sign,762
signage,1
signal,27
signalise,280
signature,7
signpost,3
silhouette,351
silhouetted,11
silicon,1
silk,6
simple,3
simplicity,55
sin,2
singer,316
sit,529
site,2
sitting,251
skate,1
skateboard,2
skater,1
sketch,166
sketchy,13
skier,1
skill,66
skillful,2
skin,85
skirmish,32
skirt,1
skittish,139
skull,52
sky,386
skyline,5
skyscraper,6
sleep,4
slender,3
slice,2
slide,5
slimy,1
slippery,2
smart,1
smile,11
smog,3
smoke,137
smooth,18
smudge,7
snake,8
snap,10
snapshot,1
sneak,2
sneakers,1
snooker,1
snout,2
snow,125
snowcapped,1
snowflake,4
snowman,1
snowstorm,1
soap,1
soccer,61
socialism,4
socket,2
sofa,10
softness,1
software,3
soil,23
solar,2
solar energy,2
solar system,5
soldier,36
solitude,33
solo,3
solution,11
sombrero,5
son,23
song,12
sooty,44
sound,68
souvenir,2
space,130
spacecraft,11
spaceship,3
spade,1
spar,6
sparkling,4
sparse,1
speaker,6
speed,25
sphere,37
spherical,100
spider,8
spiderweb,3
spiral,9
spirituality,122
splash,60
splat,9
sport,259
sports equipment,7
sports fan,16
sportsman,9
spot,4
spotlight,8
spray,67
springtime,3
sprinkles,1
squad,50
square,137
stacks,4
stadium,17
staff,2
stage,164
stain,26
stained glass,4
stainless steel,3
stamp,119
star,1
staring,47
station,4
stationary,5
statistics,1
statue,29
status badge,9
steam,5
steed,4
steel,51
steering wheel,1
stellar,3
step,7
stepping,1
stereo,7
stethoscope,1
sticky,1
still life,36
stitch,2
stock,117
stone,21
stop moving,1
stoplight,1
stopper,2
storage,7
storm,22
stranded,7
strange,1
strategy,14
straw,3
stream,1
street,460
strength,130
stress,5
stringed instrument,20
stripe,87
strong,7
stubble,34
student,4
studio,17
study,1
style,121
submarine,9
submission,2
subway system,40
subway train,3
success,62
sugar,7
suit,9
summer,318
sun,166
sunbeam,7
sunblind,2
sunburst,1
sunglasses,93
sunny,9
sunset,134
sunshade,4
super,2
superhero,2
supermarket,1
support,7
surf,6
surface,6
surgeon,1
surgery,1
surprise,10
surreal,5
surveillance,7
survival,2
swan,2
sweater,18
sweet,6
sweetheart,1
swimming,38
swimming pool,1
switch,5
sword,40
symbol,1249
symphony,1
synthesizer,7
system,2
table,30
tag,4
tail,5
taillight,1
talent,19
tallest,6
tan,2
tank,2
tape,1
target,3
tarnish,1
taste,1
tasty,2
tattoo,42
tea,2
teacher,15
teamwork,82
technical school,1
technology,548
teeth,8
telephone,9
television,17
temperature,5
template,54
temple,13
temptation,4
tennis,12
tennis match,1
tent,1
terrier,4
test,2
text,1270
textile,40
texture,384
the press,1
theater,105
theatre,6
theme,2
therapy,1
thermometer,1
thief,10
thin,1
thinning,2
thorax,10
thread,10
three,76
thumb,1
thunderbolt,1
thunderstorm,5
ticket,1
ticket stub,1
tie,8
tiger,4
tight,1
tighten,1
tile,8
time,43
timepiece,3
timer,1
timetable,2
tire,2
togetherness,294
tombstone,1
tool,2
tooling,1
top wear,1
topless,1
torch,2
torso,3
touch,3
tourism,45
tourist,12
tournament,2
towel,2
tower,13
town,18
toy,16
track,19
track and field,1
tractor,1
trade,1
trade protection,1
traditional,180
traffic,57
trailer,3
train,22
tram,1
tramway,1
transistor,1
translucent,1
transportation system,365
trash,8
travel,745
treasure,1
treatment,8
tree,178
trendy,15
triangle,8
triangular,3
tribal,4
tribe,1
trip (journey),27
trophy,3
tropical,39
trout,1
truck,13
trunk,3
tube,2
tunic,1
tunnel,12
turn,1
turning,1
turntable,1
turquoise,24
turret,1
twist,2
two,344
type,27
typescript,3
typeset,1
typewriter,3
typographic,4
typography,115
ultrasound,4
umbrella,8
uncertainty,5
underwater,91
underwear,7
unemployment,4
unhealthy,1
uniform,133
union,1
unique,4
unite,1
united,8
unity,33
universe,10
university,2
unshaven,14
untidy,17
urban,89
urgency,1
vacation,22
valentines day,1
vampire,2
vandalism,42
variant,2
variation,16
vector,751
vectors,79
vegetable,1
vehicle,255
veil,271
veiled,1
velvet,4
vertebrate,1
vertical,1553
vest,1
vibrant,1
vicious,110
victorian,16
victory,12
video,2
video recording,1
vignette,6
vignetting,5
vine,1
vintage,1161
vinyl,4
violet,5
violin,5
virgin,1
virtual,1
visa,1
vision,7
visuals,79
vitality,29
voice,6
voltage,3
vortex,10
wait,6
waiter,2
walk,1
wall,232
wallpaper,197
war,311
warehouse,4
warmly,7
warning,49
warrior,14
warship,3
waste,2
wasteland,2
watch,5
water,292
water sports,1
water-color,4
watercolor,10
watercolor painting,5
watercraft,12
waterfront,2
wave,21
wax,1
wealth,42
weapon,70
wear,1895
weather,85
weaving,7
web,4
web together,1
wedding,14
weight,3
welder,3
well,1
wellbeing,1
wet,53
wheel,35
wheelchair,1
whelp,1
wholesale,3
wig,1
wild,24
wildfire,1
wildlife,116
wind,19
window,93
wine,5
wine bottle,2
wineglass,2
wing,7
winner,3
winter,268
wire,15
wireless,8
wireless communication,5
wisdom,1
witch,9
wolf,2
woman,2669
wood,233
woodcut,25
wooden,6
woofer,3
wool,7
work,1
worn,10
worried,9
worship,1
wound,2
wreck,1
wrench,1
writer,52
writing,91
written report,1
yacht,1
yarn,7
yoga,1
young,421
youth,8
zombie,6
zoo,1
zoology,16
